ht_mean,ht_std,ht_median,ht_skew,ht_kurt,ht_iqr,ht_cv,ft_mean,ft_std,ft_median,ft_skew,ft_kurt,ft_iqr,ft_cv,ht_dwt_L0_energy,ht_dwt_L0_std,ht_dwt_L1_energy,ht_dwt_L1_std,ht_dwt_L2_energy,ht_dwt_L2_std,ht_dwt_L3_energy,ht_dwt_L3_std,ft_dwt_L0_energy,ft_dwt_L0_std,ft_dwt_L1_energy,ft_dwt_L1_std,ft_dwt_L2_energy,ft_dwt_L2_std,ft_dwt_L3_energy,ft_dwt_L3_std,label
159.52196722892668,43.827118144694765,117.01539195604178,1.2147221996387818,2.2211049977565582,37.15532649328314,0.3673785084005326,210.49252290057268,81.12731501611968,170.5982876295997,1.1302324090394298,2.3585126451417633,101.99760051942106,0.44838332660404545,4740.4281024754355,64.467827317673,2617.537521553857,59.37655673534306,1983.2534749232564,38.52639653392892,1042.270825853911,32.89792670577987,9662.517819092805,127.0097763209568,4593.508702938393,72.19457493065515,2805.074963478397,49.01926431467493,1237.684270097466,23.08662798061357,1
84.76238218519077,14.69508213454419,102.47665901108942,0.36415467491004905,0.4239867293155955,21.204075643099696,0.1761016472185983,136.84635124502407,32.24109784539431,157.93998955578226,0.5770075875312202,0.766960032825379,37.074926005660615,0.241052199081932,1782.581165789498,28.464583908327118,786.9708629463934,17.870949317688652,300.44225699191395,12.333608060307245,177.17278473391715,10.66859025699543,3817.8997204932566,38.8757177805623,2125.0461410049907,36.43647603380568,830.8422031093579,19.388335421341154,418.389954458086,14.563920762458313,0
112.58705138713084,20.448812997325582,103.30563351766547,0.5089999424789545,0.4370889651864721,19.530171358272966,0.23148095163220084,183.51926675395657,24.378292682682034,164.77933104231113,0.3616106519657464,0.239054067591433,44.71033269877212,0.13276471235363563,2093.908300986839,30.11002728084818,910.0948104917128,24.902905366342477,471.1454954554942,13.023067516464604,220.57992678500278,10.749415183655492,3506.4189047458053,45.755104544498295,2374.8517292787046,44.6655256684216,987.1899964043454,17.862488652059174,436.7767314891034,17.50784098273534,2
174.58924287704386,52.71913992519106,98.01429646184471,1.1245655467975961,2.668214996997551,50.4529940732739,0.36765438346574686,185.78805899491903,112.03652653317634,217.4837104621969,1.7257703103219795,2.997281050496777,99.18051644385321,0.4158045026022003,3607.4077097338413,41.76269625499319,2860.03245213801,58.23990256272145,2162.779370527613,54.57068652865894,1182.5997272998104,23.009882033530612,8182.961468545208,103.64601732586483,6972.333274419524,92.72138885199482,3303.728722899271,46.1221204445071,1179.2000922112188,36.73344730029944,1
169.70494776620544,55.16026709852407,154.88892880123905,1.310783470087746,2.4209913953485183,70.44513871571775,0.42882418183447,289.7100656994634,102.4781140472654,147.58982046463396,1.6233307576394516,3.4131846144825744,126.45941774379521,0.3658716013552721,4782.472222594064,79.13290879461447,3829.006974787892,47.49998263751488,1647.7798270798723,39.55104761232037,811.7600129930205,23.549896251181984,6013.592044893631,87.17540947298359,5458.550641789933,65.09489416291726,3670.9215325880996,50.13375812715863,1722.7572637960338,33.56852247637981,1
105.07220016523286,19.79329626389264,111.65307535547177,0.729478799520666,0.5928860245727501,24.94773443017801,0.13547406472443302,153.41821863651882,33.64173678930153,160.9895295762573,0.54232194655901,0.8659181878703857,38.435366962956735,0.21600918774777964,1857.8718313914221,28.221508422144826,950.3761885399535,10.277622496588897,430.63085891080397,4.05476152435565,111.06146370378328,10.903537201881969,3967.1352680433783,35.700569758880555,1721.9744895302654,40.223245931684794,791.9163842112789,30.97168124961194,379.8656102776558,15.2241085306438,0
123.12525876566659,67.32286895584744,100.41291845012452,1.651596440384807,2.0614285306703977,47.1140700433635,0.3391819449388116,174.39714806144255,100.59205361545352,216.97283429288515,0.5404194330619766,2.1771263051845327,81.0099154284259,0.5034807974767497,3524.9504409367896,87.25074925622016,2786.682104193225,43.380655936199126,1596.8177447972166,35.587049273852394,670.5686876372089,28.47413429865188,7394.876004377341,55.7534082427126,4934.226470406279,46.76001325014964,2461.5276093696157,40.908971113966444,1182.1959819935464,44.005778609540926,1
125.59451166180234,22.000450461770853,94.42904023883248,0.7297069371559237,0.9306772273340866,26.397714858847078,0.1852434736778955,167.22693859887855,28.880343771220108,165.97295471516858,0.5318496676478951,0.3499867581336284,28.675844334827538,0.16418280362947435,1938.8690933608793,31.35174289960636,980.5317258926436,25.30357778760289,364.79575851931463,20.58667855553965,177.22072360991112,9.546460633480681,4175.7187013729945,31.088710219099358,1777.603026326197,40.0750804713661,663.1603053638014,28.01732646650589,515.3575156096533,13.480797385181631,2
163.45279445575704,62.92044990148402,169.49600778123738,0.8946242730757357,1.1345955240559886,50.08497337257321,0.42623097965839063,227.42730269942825,86.84061987365348,161.3112885267861,1.7834336466645304,1.5202361778795677,125.4968908122918,0.6285950738511892,4383.225573285776,74.99729762789292,2602.856092441776,36.89786678913184,1619.1841910909334,33.256838071210005,639.5391762452972,36.61179970997824,8745.576266223195,101.83437645105171,4983.684344362626,69.5798048457919,3234.0478070077,49.67662881304785,1532.6734845061833,30.823974212929905,1
119.81173866587733,39.24198738160075,132.21700634484165,0.7244479385609579,1.6080715281251572,53.38871172526925,0.3491644497406405,256.2876516033093,96.9150566097493,195.4838824582801,1.1694868597095809,2.153413874701583,107.21042233894289,0.44673352586818327,3746.1912469496997,68.43776906737078,1987.3521725347891,57.11713784170597,2028.6447725876058,39.759450984953,1226.974859305219,23.593807762819747,8695.696373772935,94.3551545600128,5129.791632789615,70.39948964793354,2848.197263504262,58.479587434637,1744.434059068686,31.986498532975055,1
117.51334940804483,27.97191627201908,115.33362463978,0.6347177889594852,1.5442090243038935,25.937771622223146,0.1944932358732862,176.68949847156875,22.74082454791753,148.07562299909054,0.4136427613276865,0.8437126124824554,35.40885587089677,0.193561373040652,2129.2400164326623,36.247329062872765,918.3160344981942,20.152021573735823,519.9041763854806,18.30384089700256,118.32469999500319,9.811061334401781,4053.7234528764534,54.103701510665076,2245.277911108437,35.473779607758125,969.752674139369,23.38220193046388,347.11342001009683,13.837827509563862,2
103.1697296105717,19.53357545741398,109.99824246910295,0.18829278360431814,0.4624972909041267,29.407277738294866,0.1476923531356231,140.19949968877424,29.21383715098716,160.6657778572798,0.5022852111121319,0.9986881771310967,40.99755787796569,0.20525460200670184,1910.8233002648187,41.63826550173042,869.2257466700934,13.985910831733944,528.3403489213713,13.626901707129523,184.31521777372132,12.619101369721054,3239.209160629376,34.986822287150886,1499.6805157202866,27.235182259847456,902.7563927220392,24.096751371251084,399.3391925529988,9.7617023483229,0
107.92502976481977,17.395009413014495,104.32594451726152,0.41238329673599183,0.5331187176836656,19.958334185866654,0.12805671020603449,127.21474635460254,31.91946929968736,143.8494986487143,0.38078222006876666,0.602551688016946,40.56452577040939,0.18541091829079193,1668.7890126718066,36.13146477824475,1136.8778254472447,23.978226621291412,477.8930809075272,18.725879990441435,225.20397265618055,11.228198354225247,4009.421466476209,49.15728458677202,1625.6655813632392,36.204338941157516,687.3023234648135,18.82160217949978,471.2495547465661,16.52066048808259,0
96.34130359748583,19.265977046693234,99.0271340158651,0.818633661786119,0.9720064707425727,23.929232762782505,0.147108283709157,134.97659350429848,35.14685771853319,151.94123837720707,0.5960286806783222,0.07662420390774216,41.49206937090727,0.19363261014643088,1577.9138631171045,27.642375962750254,939.5575806534779,22.209867193424973,376.6263051357156,14.689535195802117,169.9209048717246,10.305125024204937,4315.022190547605,24.46673247254962,1840.787433872579,33.05907452823468,885.5192787624519,20.51234167471484,257.02947522649924,14.983986451142329,0
87.62247288701943,17.72807897606238,102.62035812074382,0.22006104270244925,0.5569530178512329,14.725887573711054,0.21008558300036514,177.46309973106978,26.48489599418221,153.4518150675861,0.01801560684002501,0.25309570192040015,32.943547558935094,0.1478360093571942,1942.8792965261318,39.98648265373997,723.5077920856047,18.65014638365923,418.8358694647944,19.833348445498864,131.10502749840387,10.498072244613883,4437.454597784588,31.78592681456586,1579.732698288542,29.45836036123497,787.5293904573507,25.25040515101458,396.91618038745867,8.675113821073616,0
114.98661194436323,42.69507846666515,125.31939576557149,1.6913683249120606,1.652347626378767,74.60320488993138,0.3423178657996894,218.67816462981563,82.45488096141156,221.1916980027823,1.132594330890721,1.2419773999980472,69.59712131000008,0.3574498004845794,3575.470014660974,72.92254418815462,2613.692734056769,78.74606550026431,1278.6856214588604,43.62906542967841,696.9684557689795,25.53299329808661,8627.27752600649,53.14331525226284,5365.778281751619,98.64070447183835,2595.952765734133,52.598078568055094,1656.2304232813499,31.016278999838022,1
114.6528469535979,19.716258548972874,112.56417732959915,0.5401446027963385,0.6050726095368745,26.16139166122655,0.1770914578244933,170.92524962540352,24.60744694227003,161.50014777304565,0.6720518907629222,0.409005128736173,37.14910716224492,0.16842111718223113,1774.1685267664548,25.312888546938147,1153.8528626524817,27.78901476876821,467.29417917200567,22.258246641414587,180.67318935099075,17.169877313243397,3902.40117508516,49.49570149545295,1885.6110736664427,36.057348696398016,1002.8011704809843,22.598767870566434,535.8074282280568,15.48919263929042,2
138.15694218535904,38.117030012777654,99.4005168773917,1.0953752395734393,2.139547684395263,45.70804944936813,0.3775867594475757,211.88133970466757,46.19185589093117,167.54626021561495,1.6036319468677342,2.809646983516595,74.61915183920527,0.4126758440399788,4711.203612680236,77.32487550789078,2761.885685194426,50.32023686675708,1611.1966546996487,45.74255826327726,935.1187151657199,31.147020030511,8618.686431809037,109.73775110625395,5266.21477307039,82.98564202584362,3191.8702466649875,41.95473369775186,947.9639882823135,41.26095713608732,1
134.86794608057593,70.27459322505597,144.6533454452561,1.0457480073907355,1.9344875060248408,41.4923436412183,0.40719319405960785,148.4064502306587,98.5323363850382,198.858647774738,2.593475899786961,1.6198915570205554,97.74143399710607,0.543863016073845,4795.694820145707,59.6454553810412,2889.586971349379,55.01999356415087,1884.586760218247,36.41055651212136,883.9223275138678,20.00973812361643,8621.611106681274,103.10037212159298,5040.806411149281,49.38928753181297,3244.839338283158,53.64525037992802,1218.4962255747557,30.316397318971617,1
127.53573840199009,24.79711936418805,110.68689519377256,0.31987418651149324,0.4459745485116133,18.677175211337726,0.14567248707205474,142.07055353149303,25.32084091521763,138.32710365370173,0.18098487392050722,0.7024028810187889,38.55638597287947,0.24512616102813445,1742.9655589619654,33.128553242927985,996.5975755803423,21.983114731047657,485.5013558099715,18.30825631660736,203.40608818869177,9.93759264889485,3852.350908206504,35.21376569058588,1773.3726108801347,29.49475034224886,744.1357273593147,25.035665453425725,491.14034591199976,11.703393973313805,2
108.34637141576687,13.968428201505821,107.24282677456227,0.41260047366693997,0.06758387599357307,12.207042798014845,0.16963042121212069,151.02258827984562,27.3794793185522,147.58026315204674,0.5451119679020362,0.8842948829544899,27.222265693577093,0.14484085221297616,1581.3352284225234,31.444583335843536,1086.7421067969667,20.274642247041957,199.86401246722764,9.888021412168873,146.67853108815953,8.88454222500957,3657.063980460846,45.308648983847334,1822.0634172943883,38.29603766326044,768.8779233182357,18.550728162097826,413.5212876964323,9.393073790221642,0
113.78153177687051,17.55858140282901,99.20461484414105,0.36598967225818985,0.9040849754415051,19.07395636901857,0.17642737813624948,166.38017583716874,39.698316137171425,150.44491373910083,0.7359374643224115,1.0365532030774574,36.259092159572006,0.18204627369046683,1817.6081921493924,30.0929727616658,1085.9495769951775,24.116443899924263,440.7054944069485,12.036762415746544,146.43043659548968,15.215583014509356,3921.5370957638543,40.43200643891043,2388.5522705370568,35.45993642131145,968.8164490261169,22.492592868761253,374.4621720255861,14.140364970758943,2
104.38563465820084,17.681081744572765,117.9756116664464,0.578842665702682,0.5034336317274398,23.243936549005415,0.17132637134312595,151.34754827368013,21.50543681567028,145.73422183589605,0.3507803486694973,0.2249053383230561,38.57855270183274,0.19173793979799705,1442.6584977263844,29.386576812524364,1049.3552078849884,26.236894955585285,482.0669474308191,15.11673962070438,146.19818688123397,7.832602345283879,3920.611716662625,48.0342402749213,2221.832777901266,38.5998779020525,834.1325612162593,17.023176484556522,357.66253820923714,14.651693584431573,0
91.99785615205812,18.513119398552455,108.25636384746879,0.827101911445626,0.5533796914517212,10.262026267843325,0.1753984807181075,216.99218183554444,35.11801715090127,142.02033242715828,0.6550434331747226,0.3851355697863857,26.325682099489196,0.17750381101327561,1910.1358166325494,21.203144736616323,755.3887170611251,23.14547647800236,384.080760512972,17.0528771947821,135.5545935984233,12.071050246817261,3534.2527476318246,61.70606185705115,1523.166471795963,26.38914181546948,947.5929460002014,30.42262630658961,423.2583137809452,16.557431136601892,2
96.30729661056318,22.223107814294845,108.8644064358671,0.6618204786327684,0.6558406497456031,24.247572700303532,0.21809108275135763,172.05060132675396,29.849466358688947,179.8274750598563,0.5503397942936138,0.5295676003770858,30.298760907412095,0.21219984014849858,2162.151119205343,31.221769292116136,1160.8060779236735,14.431933859325067,415.1201030169035,15.61768679005536,157.01224761407673,15.744494283560122,3964.515836414827,43.661969209880986,2002.1395811942139,20.381429325729528,792.1974338544712,27.42625586555978,350.57120767017636,11.964711962759104,2
107.61485991425525,13.849227349163963,105.97829094978214,0.09780287897101048,0.18601390309307242,18.971161349227117,0.20634998933942136,155.57030318134903,26.44408168227536,187.6524265042856,0.6025417493815171,0.7418681884566926,33.90330426189243,0.16931973496798633,1408.990583196227,36.82807292557957,1018.9711014498025,22.311669629860983,407.9240502384095,18.179276065461483,120.59275678448647,9.202261070581628,3552.523397786376,62.839281685883364,2235.8052712596577,19.062228568506598,692.6834652835232,22.51767903722706,362.6221036704233,10.32953871334627,2
124.95030812898514,15.148150295606793,107.85495942128692,0.47681416113938996,0.6850904444269618,24.95326171833105,0.15065427070868415,136.02262523654483,35.15750128774768,158.46627052906211,0.77786290501072,0.6152381317180036,25.930234422787404,0.2208822794731355,1808.5184658745563,33.38101901581562,838.1691943008793,30.33492752502824,342.86229547187867,14.636481811449624,193.7277429186819,8.097198880408692,4117.2500185062245,61.43481220171391,1860.1229058092297,36.20794260560939,529.5745290429106,22.928711517866702,374.89574398368217,11.99895791204573,2
104.41750367373412,11.975020705642105,95.47732001030059,0.7018934484221944,0.5496763404147188,25.580980060371022,0.16987310016328977,149.69194561576927,40.47195836917771,152.29483435865717,0.4274586265040321,0.9917269808972621,31.18782523672113,0.1693739976554581,1892.2542704837176,31.501485572484988,987.8358724040304,32.30334399334015,449.5898456790086,7.9024219229223585,203.35715351098867,10.583335987877117,4006.728259375311,49.4143363226863,1987.1134708894301,33.25276018583443,973.4218356897438,20.7148444923442,326.02815215578346,24.678478793653895,2
101.96542264418602,20.249091487657974,87.0811773176831,0.4705254407834345,1.0738864423195258,24.330888310986552,0.1587136368864961,145.87210495229164,25.537960159929344,144.19055982928327,0.4244386934483456,0.87489343232237,22.86753627753712,0.205860001512364,1724.0626949714879,31.88473892847686,730.9518134698704,27.314524267397744,499.6507968137498,17.87877157725022,119.40980896825843,11.658242142132107,3941.699280672498,32.15783002293946,1893.925654057296,34.18720693419957,916.729032858778,22.709045467795423,400.3861991793166,18.420834176759286,0
109.67630046384002,18.410212734905066,98.52557510081833,0.7176552214298525,0.3133377664115846,32.30149085262039,0.16323705652315704,132.0137039905359,28.419517485968953,131.85632199521848,0.34964883043729994,0.7191099900046474,38.88907462055087,0.16133496899237226,1997.48102900928,35.78753879010567,1115.4452634844936,24.11765362850289,509.0742969668559,9.357604716077827,167.2837380548615,8.265989487353147,3841.7290513945873,40.4284062464261,1858.4605395125668,43.2930492812243,829.6336244295546,23.655169268760854,363.74114690530354,14.227139863870502,0
84.69644820996284,17.929748694090215,90.97576905207487,0.33153181226722356,0.4755236690944637,13.471738919922414,0.12153024982037967,163.67720303945944,24.863687822981916,109.52883487269149,0.656968807321627,0.681710926582272,30.00287623174461,0.14049509366825275,1967.1615792628675,31.746753112802146,1257.390342402611,23.68075439489975,431.0162513009612,14.499216209674305,212.67103468803163,11.250170402496307,4238.103752997818,40.82941665090172,1791.1481317640093,29.12538097452812,944.8962065414787,27.99349776118693,347.88116547954894,12.725678816620727,0
103.42634963755987,19.395103576185182,119.510125601263,0.8153961058107506,0.5208143405398336,22.800952966585378,0.2022872047239916,139.77810141018776,29.99842223570953,147.61205728069214,0.5627816422915107,0.34998935821517824,23.873027546837218,0.11781049692026124,1576.5231774020785,27.706623575303336,856.0212620026857,29.748924649718067,488.4794695925839,12.113726650975117,193.90833809803829,9.18584352729935,3700.4726566859667,46.48260519532305,2054.792779243848,29.96444909669591,977.662183928123,17.432247095430384,380.4437343653588,21.793021179787495,0
146.1282313433914,57.94445210794399,103.02483066583869,0.9384147465452312,2.2507118409590583,49.63206630630491,0.443564399046259,167.90561949346394,79.84540955442684,177.41845080073324,1.482160329690958,1.9876079425156592,94.04034020443937,0.3811095926577612,3832.8061213043493,73.82112642196535,2895.35534993497,54.11386054746833,1670.8624999614126,48.37235224415998,857.5498361134473,26.466513560870315,8594.221026899313,125.53856029347531,4261.750654385158,82.77799650277497,1948.0729774428528,52.17273158228624,1793.7707069021826,34.932011146803845,1
123.13474119932066,20.550135243590784,93.01069571421253,0.19725652671192023,0.5098346278628783,15.917199253094362,0.14986579167810257,160.6161704879224,34.93187221664018,157.1314220833666,0.04174209828038,0.6913100187090779,35.504235012628044,0.1924167085611808,2123.2419363302415,19.683808615976286,811.3344862213341,24.36362529117342,273.4724480436846,19.427847144160527,194.73426450802634,11.693167971686808,3600.169718467372,51.51010951972968,2167.11788899726,33.39726812082301,878.1281071238435,23.081372957126902,319.5658314682433,13.557413959278941,0
116.99203598969387,18.38965365183113,107.95778009744234,0.31056846853401066,0.4851323487345252,21.422505603505325,0.1449182865546264,166.91746762247155,31.901494033470186,156.9033204235835,0.8073931307835289,1.034803440370891,32.375387171056055,0.19119156955302535,1675.2798621483576,30.11677658057278,810.0375826321703,28.480281236544204,429.09585202743705,14.345912615686734,227.74474287425508,5.658769180409177,3095.0640917971486,51.366709241758194,1915.117112029342,33.502677801564566,690.8324676017742,21.907065156598534,520.245658728094,16.47259885938759,0
135.92086153698645,20.27517562152335,110.222979551494,0.267756711168913,0.7633504685687409,21.007619814598936,0.16914967526765254,174.84783880454015,18.648616070602024,181.7509596875412,0.5651256272392527,1.05271158889754,28.469267874035097,0.15853555090706964,1634.3819512480413,32.876637199656614,955.8872448165106,21.056587995382806,330.7619110260954,11.570232309888219,186.86670837929114,9.47570908490508,3726.041307942069,60.86438747795817,1972.360438496998,41.98228336391771,822.110711885884,24.177015648714093,394.7283467482622,9.097846378590196,2
156.10720457017152,58.71269884188334,152.66663548754607,0.7340687614155839,3.506128770329597,50.60858370287198,0.4324456049040598,150.94283069553268,68.2552356291391,240.49105940176008,1.269550088499575,3.1719380841062383,105.21301855182341,0.3916033475199862,4881.925162466345,65.16009410417719,2087.704756974612,46.96759908048295,1965.3575186105084,45.16407285090006,617.9295149576211,24.378287402958996,7976.450785717978,88.42154730594395,4236.860487978914,63.202804486327295,2472.1252816332126,57.715332597619195,1602.280327747561,31.125137251467105,1
102.57500105532715,15.688423567689377,102.52884814969899,0.2992084517178779,0.3115801748823878,23.557264171517197,0.15794022259612386,159.39387900161034,29.639224137112738,130.90856498362638,0.4037517752269176,1.0313330819749387,26.86544341085999,0.11650036653088407,1427.6309693514977,30.145549732883346,904.6375917049048,21.529556578299516,497.13518631428013,6.981496700691187,195.83735497723293,13.122876403607147,3405.2767322879,41.96154790568084,1711.7770206928449,26.633923723534828,810.8485593972352,27.709941134738017,508.6170672841264,12.992182324879558,0
92.71803008853762,18.717102539825266,102.19996683971765,0.6718375150480873,0.7505333737743736,23.784355295747545,0.21389908673658686,133.60226502218867,24.161490803501515,134.10136087891712,0.42203803936884643,0.18699415573310735,39.44605662770083,0.17333331908703678,1505.8387410994685,24.922104593962292,947.0270771175293,25.352506271577525,559.7384713353429,23.741587398021988,196.57637733103985,8.020923759936272,3053.7838017440417,47.141691698750684,1696.7647261724185,29.507856438921888,776.548384112823,21.436836454334458,454.61861615513504,14.471145702336035,0
124.40249278198328,18.52410846477368,89.97656019309198,0.378054509661142,0.4893167791429727,15.176291738992173,0.1623250378597753,141.64054230804615,33.54614654312461,148.51917811277883,0.44344085017048596,0.568145420813227,36.561854128843166,0.1985044259906934,1600.0575542661238,24.79206183689364,1065.7018823103795,20.350652511181078,286.6526325922501,16.331438128149316,198.53479224130749,6.938569485486587,3880.318600412262,50.88466473942699,1993.5966129265657,35.791888902568374,681.4877082291101,23.32416061998478,358.81661683706875,12.551629523826065,0
114.1019285300273,23.82398317334452,99.86531893152129,0.61091061451576,0.3035208976068784,20.473187386667515,0.15212189667727588,169.5344145440571,37.042595746932626,152.3621366200668,0.2453251848192713,0.2727067486453508,39.78841554455316,0.24985584164201088,1976.6194998491674,29.37206897141811,1071.420354530297,22.046206003418316,386.71090087194983,12.587084951205629,250.97174914683967,4.913742581509539,4297.175792107519,43.169044547381674,1882.1562988508065,44.769280030377566,798.2346958295932,20.107695722274997,388.9596436031962,16.065696373180387,2
111.41779144752566,53.70119994012432,127.19470526722462,0.36598868132804874,2.3723263133036343,59.29942906711706,0.2330555560207129,239.38488317709883,110.83011120380083,239.70373026889717,1.5794782203257354,2.536846510861692,129.21944565970753,0.5345906868272079,4766.784351437813,56.701548773242386,2880.537941285969,59.39516144291429,1257.1149093248314,45.75488527696619,1309.13852867629,31.199680829003956,9826.07177329758,98.29246514231669,5148.747173211325,77.33779946113366,2432.8780084070054,40.362248127656116,1716.5761392923414,40.23405405719911,1
125.17787368825299,66.61598565464638,133.43472043909162,1.3359234297961722,2.4221530476045445,79.91525702186478,0.3857902741304232,259.35566983556777,90.56943111567864,213.72552817408598,0.9833687042313767,4.226927208563867,110.33614831050926,0.45703979402760797,3395.9070943942293,58.12757572305079,3295.153475167492,57.86891118292605,1225.8660795513222,50.30631943187055,802.1190952165098,35.05658492938356,8420.94788925667,98.68472034836954,6025.268205014154,59.435098408034726,2353.2189364747273,48.035015796018925,1606.7931999053055,24.014736484319055,1
107.6769569115033,23.73285802642469,100.91520178173208,0.5161554190659594,0.48296504168219256,21.14796209417898,0.1466155280982374,162.74542446123596,22.890776864885392,157.98377854470144,0.717057400889182,0.7099594221711689,32.99625886511016,0.19361896737926088,1738.2653888907175,34.677735627325745,625.2890873677314,20.657570527525415,240.73504039008017,10.514817509318384,234.5544891925564,11.790369963943371,3548.1819183503235,32.97997235167283,1158.867790539587,28.739026952404192,1140.4498014696883,23.73953708585459,340.82993997653574,15.395240628500918,0
125.72820256997022,11.864554380335449,108.63828013698188,0.33429495537542125,0.48160269625134583,16.735507446480256,0.15996631482932372,178.40080270458125,31.495931451926243,173.98467408114917,0.7354823777955387,0.7317260036788729,47.20754168317455,0.19316979476214896,1965.5976353594117,28.51714523232646,909.9818723788808,19.210304706798894,479.16671476758825,11.465089130655404,211.29401369670646,9.61869788498968,4209.936482713561,51.00695190985008,2355.1615394117002,36.38464814683187,661.3551693216111,21.732187308407198,297.95949651836287,12.445160472901176,0
114.55601449617143,67.33097284664586,116.67032041749735,1.2409889468412627,1.930166666819808,50.62982598948156,0.31118286506392073,219.6745027488814,102.91970790692828,191.1079139043449,1.4350565793666081,2.9569392530328376,78.62438699371488,0.45917540067303386,4609.671548529874,99.24351558500493,2649.558323776167,50.41918198331872,2030.6897614721236,48.55283335129711,803.6843123921918,25.984186615349756,8987.017754396236,80.1034836667761,4912.62620838949,73.25429874315809,3248.1724081700163,43.95401383820459,939.403884492332,20.500415194890735,1
113.99142695182921,14.349910986069276,101.64585611966922,0.2681274925808893,0.7236255640401257,19.36666504386802,0.21188479365231935,157.88472868148847,25.11261551667412,134.7204631713048,0.580704992264977,0.9254220727346395,38.85457367533393,0.262881444991676,2204.553239543492,29.808597294056415,892.5254734218336,25.166665565735556,346.2543121225397,19.598751411557206,204.9104229611177,11.064209603888772,4254.4771620917645,62.41090297364772,2042.012721851564,32.85393355224886,1091.6509902785804,27.357221830361,374.2845522904534,14.717115280574767,2
117.62577765853841,21.35746679907328,97.92938073395203,0.5403669071966549,0.25815194494205673,19.75183691995071,0.21568912372600588,182.04822227586402,24.73792168603577,143.29599033223283,0.38296874745931214,0.871771056933612,29.05011718775994,0.20077151708818644,2054.306298339545,31.01465002338795,1111.6605099827132,21.761035254244916,401.1807071125355,12.525087437264872,233.75580329528904,8.813655016646486,4124.662149820298,46.62241860929177,1705.4846576442928,29.579919250766082,1075.0391355533768,23.987293187591717,321.29542371475316,15.707583348250685,2
124.26836050260687,53.98576142186232,147.15260387810815,0.2474930639512316,2.82365031755723,47.26324141690344,0.40323968454198544,218.63391023637604,104.52255504634921,211.5277314268062,0.21135475413500937,1.8721766022752069,103.04051284577216,0.38440160911041704,4438.805364878385,77.47239866803646,3043.3806945718716,52.85725057445535,1246.0988966638558,38.35615000916146,974.946266665012,22.547763737247614,9068.147257109418,111.35107935081149,5288.80688340709,29.107081871626455,2224.8602367796884,68.86189158556081,1263.3655517429056,20.095140661226026,1
124.52514619909662,17.46452780085516,103.04774764197053,0.3370175675464044,0.10754923768247526,16.874074579576714,0.21021608504196715,120.97297719177655,24.342318692536345,148.8046190712189,0.9085968108041445,0.8836392426138018,32.459786941691135,0.23204895200481318,1727.0865194897538,37.05004892053703,720.7852544227025,27.822334459872295,384.2602391985533,12.35593600489381,179.44568102464217,11.110157195384472,3799.521854247601,52.12479085275885,1834.6766819923814,37.69445779994696,950.8733121888312,22.83193855928509,365.01356194782187,15.20008462602538,2
151.1116038380496,65.72558495122549,148.5429071888282,1.6563251157445524,2.0986571199936623,69.55200351225005,0.4158059591343434,214.9579844086859,77.85050242149266,185.02672396980688,0.9912208008350172,2.837293463927864,97.93166617012658,0.34694609994905884,3868.8775903377036,53.47521526660654,3191.53653649488,55.78617669531788,1541.159994128019,48.46838199681615,799.1192142370129,20.967496864938838,9419.10006029722,85.33225418780997,4913.7706368538475,72.57652028488849,3314.1651502555515,50.20037290866312,1100.2207184636925,35.26326202467308,1
113.82040709665463,14.900410144139645,109.60348982005424,0.3905140114219396,0.32428088931869536,18.829390755184,0.26666819153197063,157.5331504464551,19.783896222843634,143.87934591441257,0.513655075315233,0.81040012076344,41.02193321728491,0.21132828020862535,1748.1307325397875,33.3724224392585,800.4501884217545,20.37357087473835,339.24161024397716,11.82831677982571,235.82521750975238,12.014945742153554,4366.01616744158,47.595954981013804,2208.622117187915,21.975489929359206,1006.4275523819869,23.879327252022133,447.2874392114858,15.954076886860424,2
148.41250157079585,48.274606374363096,135.55884960879396,1.0991748738386575,1.5498163744480513,60.651865767876956,0.3938866812438508,183.1474026014276,70.4869272276757,154.19269687223476,1.595362513044448,2.9362586095736485,105.09652977320339,0.4772136394182933,4243.933818540364,72.70413124838907,2921.534970255025,54.08459980581792,1640.7534515611057,59.71322092633529,818.6488236263684,24.670611444397817,8890.608841105097,99.5333794753101,4216.645916672771,87.71749556389234,2757.612441092125,38.8906890478428,1697.1960285884684,35.75405342957692,1
108.65660495705318,13.840063575038018,107.50451195806457,0.5881129432782428,0.08531055659615094,15.48910246568841,0.17383521209501857,149.30763333781553,27.899193054974265,135.2043410863963,0.6758795949725658,0.8333375806286845,35.462214882928514,0.21381723620904097,1893.5018684504091,25.70353768558381,955.3126176123749,18.164469596684004,470.2760241045818,14.850222267041241,172.60550545818958,8.638140911192117,4227.889468535911,43.763764143449585,1792.9180444592232,29.887198697070623,913.8771022664018,23.461776257456314,408.8912828117192,15.292463009023649,0
110.44649355274026,20.670739314711497,100.27580089516049,0.48924418722970936,0.4692819468830212,14.399261154091556,0.17881522544647596,140.958806406003,17.953053967837256,157.65840979137485,0.6323343352443047,0.8038103538945103,41.11721444405165,0.12522456230895984,1590.5762758603566,42.35436790247519,772.210554587289,25.787700537001434,359.54948929340554,16.012920039582962,161.13681509996186,11.73539054016322,4042.658035166929,43.305049991930744,1706.2026670878047,35.36730970345057,732.4211185263781,24.98091658533169,601.2393379958413,19.155561169164642,2
119.70916016104172,76.32619408309269,146.85835263059147,1.1959215537499814,3.2131531639352455,67.38946675744461,0.37803418474271777,186.8894959392304,95.47330790752741,209.29808901971938,1.4073400699448555,1.8680109169059176,102.85845679165362,0.394416097139029,3533.2628406328995,50.33825178410977,3026.061351523908,28.98111684948311,1861.623158088378,38.1753355379694,1135.4843892383838,25.53265895423062,9093.535792826706,87.85555085771975,5279.623707440301,82.31571143288072,2591.8499276539387,59.96554884498404,1151.5755307233792,33.767557055350274,1
127.86072256877364,18.1423059079385,117.53691026701081,0.38134027006930166,0.5393173478138433,23.827372363214174,0.2653656103810261,170.3231403472062,23.756412820291217,162.53496805413786,0.4276334925831317,0.45307494512963725,41.360209519244776,0.1809325676331346,1855.7151829023612,30.069926109326463,950.4874689908152,23.699863589744595,245.04264538356676,16.9997180058286,140.71922320678797,7.115401728881178,3779.556064649461,45.67184802651563,1726.6234588569298,36.98619114600785,688.9389800354911,20.372225004909765,339.05881055468996,13.860238188981981,0
89.12950640049985,16.055223477203814,104.20226709474586,0.37952065867778073,0.3048309138783224,18.628937691377455,0.14862988806761876,139.16882668413905,41.689797263656374,152.46266606778332,0.6773518108809478,0.4532767595643229,33.69830325969766,0.15859338055888933,1269.6583330161598,23.10995361576067,628.4071980029407,13.00086488819357,304.3712820561518,18.974867038144893,178.22255329182582,12.581127524642348,3943.8439019153066,51.260470605721274,1674.7757511738562,35.143705725156025,937.4457080889215,19.69341083106523,419.1678259431317,15.6985632757245,0
95.87389382314362,15.756983343649019,99.77752205150789,0.08742313093203008,0.5686310086786814,26.837331364625054,0.17878801470491876,126.39984384478295,27.257144234022043,159.13043354469235,0.12440224680681844,0.2775701958546858,41.13580522857064,0.18810286302591858,1882.3943164253508,39.29747403811656,970.2829167759304,24.631552041732718,616.8596421774661,14.358586325728528,148.0846894552602,10.855592796494266,3953.646860286113,40.786276864430334,1641.9007451112882,45.85906653254047,889.2212164465627,19.0708584743917,444.1151211595719,13.672564545315996,0
144.20587435306044,60.309455259636536,129.52031826857998,1.036140428652799,2.1646478267781206,36.18626111157228,0.4133924589058521,209.98029160069643,85.71448347875611,223.82202922783392,0.42359223497587584,0.9209329041128289,106.02368459711742,0.39943065158971874,4285.088471595966,62.454475097930654,3065.7414696959722,64.3263884299112,1945.194688185458,39.91337233276334,520.6159102294075,31.84618104018564,9599.555799595833,106.60205141571164,4584.250300842746,81.43312151134862,3187.2383685826503,65.58816247799086,1180.9725189430105,30.64127249273517,1
119.73219210700294,18.52332788993895,83.67372110296122,0.12909699290195947,0.9483216425138955,18.75634155931371,0.15542468076058646,159.47012058145637,22.39049469161274,135.158315879898,0.5138957039880873,0.335795279958228,31.04415693570251,0.1632206961371488,2004.919247043583,30.223308702275535,915.5356252975141,25.726561948159087,407.5005144755013,14.83176256409133,209.6998156450875,11.970035255826788,3933.3767026891874,47.95934842546059,1780.0076868233348,27.919491915114133,994.0274702596187,25.057745075196337,434.0579797580764,15.626819350794225,2
103.84585275692001,22.51207542939721,77.19262154628078,0.10067226201933471,0.22313406743141972,29.305894333601643,0.1784776094875789,168.81171032830207,21.159034485242618,131.2069618709421,0.5895627433445421,0.6174822992806339,38.841171732048885,0.17436987027214643,1855.6287452909255,30.790595424525545,1016.6651083627388,25.228033127777884,270.41024044865844,8.258194333977434,220.06981590606028,12.375450186523873,3442.781943170332,30.12131674763497,1924.7587052518002,37.58502935810318,1065.7113426921178,24.065190288405805,353.9798312390013,11.320608135245411,0
105.13741550004785,16.802941184458973,89.84932094271184,0.8097511301726574,1.0355505206216393,27.68024341777714,0.1423744880657262,170.39034783735102,31.837758456987412,154.6381843630608,0.7499330534087554,0.7906113428583832,40.180099654130345,0.1991071885011663,1868.158281600421,21.081944351429083,912.5431616115836,19.775232164603498,297.6127233887984,20.045449857902472,249.15981363542812,12.718441200591224,3889.324695899556,55.805000967621254,1903.0132951504563,33.21678366138668,718.783435544562,23.58796521799536,384.2270149897092,10.092043649496606,0
108.7689266864376,17.016953999948395,109.5205365313989,0.05035545812380937,0.2519884859249316,18.08791833019277,0.10038931962841567,137.65450800136153,22.509063304924442,144.98343018221755,0.7225931783320527,0.5264818046427893,27.784303958101923,0.1782913637635941,2009.8347242882699,25.120205919425477,763.4137674117827,24.234195837096895,382.277110741536,16.942454072128424,179.45412832818812,11.403327296179134,3437.7226600857757,44.90332279369386,1847.3274964092109,24.704654455375216,662.3826462557574,24.742996141098647,355.43333324474156,10.93315915505801,0
114.18531007471836,58.58701783100981,147.16761940452463,0.7875191726241659,2.1064212737274906,63.25600032034451,0.5089505460997785,277.35736129544006,55.04158492005639,269.8178101718397,0.942387139423338,3.284538635461941,121.35095557900208,0.32034478185265547,4446.633896919549,66.70959506880723,3021.7320018529563,57.306723023806256,2158.901845611074,42.6031963451685,869.782667503264,33.4803211652859,9022.356368372743,108.17264109777598,4734.789329418983,57.36632106042136,2544.525035536284,43.791786143194116,1596.5498171632287,37.85590430176431,1
91.20955203374047,10.367478347098933,98.83119813591476,0.20042960335119486,0.47454484050139706,13.998970754782613,0.14714076625069228,157.67528771545096,30.197257586703625,154.2620793811302,0.2359022031685925,0.8564057190406684,29.39851812378705,0.19898573743821918,1797.8722646763613,23.11806250461026,852.5703443128218,23.46145496825507,449.03723043796793,14.577036307666745,241.2711556240421,12.015021541973118,3710.1710592600866,51.000974497095555,2383.448371297047,43.762907604698164,702.6400143013003,18.2938675553714,483.94431507136954,10.825156847487088,0
141.897394209352,72.17102822589223,159.63244908777233,1.2973595665602156,1.5246757599198721,88.6306497415331,0.3757287854280114,214.41578187508412,78.88710953908176,168.30629021108408,0.665680284842354,3.0062946588458304,82.76517681427435,0.644762498319746,3656.9632086937604,52.91141030022356,3004.0554862453764,70.29313478967295,1819.3768970829665,46.577939361498196,568.1614648574323,24.612442271541166,7533.74584377619,60.88917470093814,5281.886163816721,40.60041329745393,2205.0118152606483,44.62806205986582,1192.1785410122309,34.378451013242405,1
116.99134492961838,12.767125331047648,98.11813482958465,0.6566590528487223,0.6427295758017582,21.425372057394103,0.1932332137010912,161.5601734944484,29.4830181155221,166.23750569088227,0.364979097054991,0.6433110138330479,34.34553490152877,0.13667508863819156,1687.499733625154,40.12513545885108,1008.4793469065636,17.27621147383389,284.4488149253399,15.379859129635072,257.6922074597652,10.089132103430424,4493.194828060547,50.346990783204184,2124.5938759076207,24.78424463858984,1016.253025670968,21.62629903599613,465.45811892803994,12.013239059445828,2
99.97381507289954,26.918927365638194,84.32069583569502,0.6521874647125969,0.9103722352162913,17.73920597017203,0.23687820831667922,172.91882509301573,33.82683404093747,148.42033280538814,0.45655476835626474,0.5371773518881175,37.73371417423662,0.22203558825101688,1836.2628435722838,25.442781884313547,1023.664059357747,25.68460298557917,452.3727622758229,17.236496719574948,169.16287479368768,8.142021665738842,3496.132299275727,31.916294012337136,1959.2371528864874,31.49930730064044,797.201475456435,10.17752470261972,292.6877771214082,17.3625219542095,0
135.3002055147655,77.6550876583536,134.97984500403797,0.3059858008405334,2.3501554805089717,94.16896688390342,0.4903144201981773,274.08340010647976,66.64431666313365,222.36457187930336,1.039002730131644,2.6794315195335394,71.9950465677259,0.3484435388093827,3861.876651318192,78.7826633617114,3120.2876486678624,57.768197293308205,1394.8735745833844,39.50688452840224,765.6990330703093,32.348378783472455,9560.366367535466,114.0149405485559,4671.346406408085,33.64653628794729,2004.8671458414756,64.21626978082209,1299.686265170044,27.495652290409325,1
96.07712815212503,11.302930603055376,96.24753274162354,0.18963982143138003,0.7176495599466729,26.40600510577862,0.14867198344383115,157.5974731148502,17.135598430057268,147.24339082198554,0.6127760181545161,0.902229503572654,31.259537470976884,0.22371121039740816,1556.547777267036,24.63804710470914,1062.0942078302496,30.45293340567829,463.4220149601652,15.616870124437758,92.41191515302282,6.050616476704345,4039.8226717049097,44.09904850777367,1690.8953249081676,34.03251503347833,907.6973405110309,27.255429821577202,409.518375791978,18.75370141550347,2
115.44666731303671,23.91709804269692,117.94370054600358,0.662961574301181,0.4670797455109449,23.763600815131717,0.1930046861535273,157.18120308739032,28.784585127469267,160.35629697814272,0.48814347079481357,0.38121391908790153,32.09868853914899,0.19901731133201225,1800.5986582399912,31.70104988434169,1000.5118863303285,20.50063414840956,460.4998530903845,16.136527810375185,130.60747652354087,12.884609582372489,3624.7393396850794,31.75923725451853,1638.7390726034243,25.87372903593007,856.260798238904,20.90459797781505,356.4217622651585,15.859105896447437,0
108.32129478295201,34.0978041698744,108.136362254765,0.3362625336453998,0.9936092128697445,12.97430107988935,0.18161256516057622,202.23968419468525,28.633084723225625,126.8005327633067,0.4378980478296685,1.1099909535164822,39.645735891669936,0.16131774838608692,1739.2465824206147,28.421648508676025,1004.5976508689093,28.988062984930075,512.613225126327,17.254840200960125,130.40763055747072,7.578548469214429,4195.302028167299,35.40985433819053,1932.9690692061338,35.60739294482877,742.337592612125,18.593245728821003,391.75267802827796,16.36204594882938,2
108.93218353746006,21.416180403601526,91.47541862904443,0.4985683087796907,0.8852225943945659,25.77750200932106,0.18309068741213255,160.8515046691938,23.889982391708088,154.2120232247435,0.8021352876336894,0.5907205928219587,29.89850928201724,0.17275584607074226,1934.1870654007046,29.445673015505342,1025.0750417054182,25.400512547295737,498.23051987560905,20.44774625847461,232.81778387238387,8.444674058874488,3642.139238068135,46.583211007153544,1870.926776759161,26.08704360205778,834.1966831691648,21.01214309207623,347.26772403838714,13.657894695688482,2
158.11236122342765,41.98467253076514,160.42523525929812,1.60963953593641,2.3029198331428806,67.3584926515429,0.3653677420780806,233.74833829900098,78.32599294968288,202.0670961191968,1.8359671832597255,2.050554765179528,86.44375972020472,0.3044507615420433,3667.763626936914,46.05925626270197,3091.931515606212,73.0891454208277,2227.5986830410916,28.991324090987867,1030.473840880116,35.110531749617785,8088.871017335203,96.8260537517009,3794.474864436731,75.73430635167298,2321.398121754377,51.99635017911515,1009.6992694527798,35.257149346865575,1
140.69511086847692,76.38752551245655,131.1516564867008,0.4798085233063276,3.4251342197957806,75.23588764719189,0.37509909988310397,197.0003792371276,104.48233473625123,178.74049799321423,1.9741282122579942,2.933756228579405,105.3830023607217,0.41164118442684766,4112.515981642911,80.54768144251119,2453.8628671592664,38.78074873169791,1984.3320368677423,47.04990662453718,986.443407452118,30.038641848090194,8211.513659496208,109.17468867893945,5168.109311271822,65.18041014858751,2659.64890948507,70.20639698775832,966.2559794886417,34.998728625774795,1
114.64748142339145,9.40370148390912,104.59123136572728,0.19554207573394747,0.558431328200577,17.172450030740052,0.19250018853602124,163.1326829886143,38.64241505141678,155.51111981267678,0.3558985829084774,0.5485276675769967,26.399379742971167,0.20240252940527953,2019.76705418936,45.080578201810496,842.3970615502732,21.9217038758292,369.33324984943704,16.44997521373304,205.794383517103,10.382575342257276,4408.235477996117,41.820580366957955,2266.197863169946,37.15408583403114,890.9120505733391,21.71427878066856,585.8534174223155,12.003871452551138,2
117.27115493459614,38.08036356299349,131.8709213982969,0.9081691223457413,2.364579698596289,71.78807628469387,0.4024594752427225,218.35102768249553,113.39982768877395,162.97218692865343,1.372532566898541,3.406151856415671,127.8198758054368,0.2862589080524342,4043.822279172065,84.29745315040712,3003.231642079626,56.95263031479773,1734.694591969603,38.92959259433804,951.8794313562584,26.738129375077584,8461.679241060001,96.41477671007067,4725.349930054551,79.44981123434013,4111.410091786939,32.230133606739244,1481.003131047495,27.438859468286566,1
103.09638195553575,13.857384988696754,83.25317055295643,0.30273841818533387,0.4838652347545038,30.839649567899414,0.1739082356441866,172.68931119841503,25.00422640876509,130.22584350374464,0.3069766475535256,0.382432180639274,49.89928812704615,0.15535839962326842,1967.697840747269,25.48536410956487,1039.7359519311367,23.53980386442345,387.46896818735274,14.877712421593698,153.80849218282438,10.892144402964162,3640.755781880727,35.19515388986201,1580.515606420095,33.03552750633272,1039.490950769252,22.639966454293752,371.6953171723082,14.857478418807629,0
174.5918074730187,53.69756040777812,120.85566715111008,0.9934809612553965,2.870259476488056,75.13409949746718,0.41922304247625797,200.9867580381573,95.32052446311302,175.69316625148056,1.2701929843271127,3.2758435899133964,119.23410893621941,0.32144721232393575,3772.236773545712,69.30442583376092,3490.452949867804,35.84434835531006,1883.4998818711513,30.991653347414815,785.8204211654017,26.177857909678792,8121.542490906798,85.39167308613425,5205.044942263459,64.5064220671719,2141.8941768156315,57.798696125227764,1588.21804178722,37.05904586013601,1
110.50068366364943,18.747411299918205,84.25869805112183,0.3325536663155252,0.5435478655194201,21.552465044518645,0.1703548147481177,172.41222914193082,22.278882565479016,128.537303469805,0.44840264601593155,0.8821577538155906,49.74415840404712,0.21481023189012644,1566.9819728288535,30.22198018342776,987.3446728784523,23.881400914463807,467.4588006589729,12.72373847667949,191.8574958522327,11.424710225507484,4307.883317021909,40.15968013380743,1900.081861508203,15.754803311515953,810.4670202797338,20.792574470927413,320.4919928711069,15.246520095767751,2
106.31382431336505,22.5001756868321,99.86584213075191,0.05208295146757047,0.4427718618996354,21.186005016836965,0.23287996250676318,128.77151756744797,25.655934384404826,173.58779020816846,0.5899956682693096,0.7689939220549273,35.80209105916715,0.18989830615971792,1955.5219060557072,25.95256840553617,1031.70878683623,16.507987932457844,426.2694378265231,15.536222889858982,155.3482764723157,9.954629449348706,3582.1109465670565,36.42638938510605,1811.5963145965889,25.37606818777003,888.7356956911898,17.399658023390547,429.8383916093736,10.45556279621354,0
90.09893365345928,17.183725662244605,101.09647754574009,0.8890260290117834,0.0868053033438898,29.36007283245067,0.1744952724196184,162.40109452428734,28.71008748032923,154.6709022729285,0.46926297912759646,1.0362150544372375,31.804701990426942,0.21396703716537743,1671.1265759573955,29.698740767993566,739.2056171564672,23.82009488139008,515.6100765541227,14.767931460537438,172.12457205184361,7.770766073864147,3719.747571256692,32.25764592222778,1671.780503320293,33.36071627665481,1008.2815837289676,33.23684344491801,338.93904404503695,18.30590046993632,0
136.0786124308233,66.76229046006186,140.06111698158264,0.9209771173614767,1.4938420813173998,40.28755551428842,0.40035132245067756,197.58943584620246,42.30048049485674,178.928553816918,0.949482985372524,3.760542073736528,62.53887053834718,0.28469193602127574,4754.98482155285,84.28115788956757,2502.0068245097436,48.67914177191089,1984.8706189659938,23.38320162443752,564.9851367889999,26.59633299574644,9894.901509516214,87.15685841299869,5270.655754214608,87.87304981589617,3748.0981299751656,44.23151526851687,1395.7908190666435,42.93233132805705,1
161.52814619786517,58.35089864720275,159.63812337426413,1.2223757400529602,2.4472844956621502,70.49499400475065,0.3598200179310877,224.1743811623637,125.21895243155828,186.88809173713673,1.609732446426624,3.506223160695554,125.08557218077416,0.40093731341754923,3008.305648521319,74.2004338237816,1912.2102965507788,69.69937230941231,1850.842161357978,49.99739215897591,737.6199951274108,20.237462633499728,8734.67894572705,94.39513808078945,4855.921421689984,73.18525793025869,4045.346151414517,58.34525547369058,1662.3746514658296,37.06362134932013,1
109.07850433431244,19.264191482577147,104.09828457328693,0.5232269336004477,0.13238600253323285,20.177808738677694,0.1045936980653158,155.6490786823603,27.97220216665393,163.6829841218452,0.7375268785442242,0.6608325144757101,31.4974724582217,0.19455483337637214,1694.4164725351372,29.993036742783257,1047.9204475441152,19.768914616042306,464.4542911394001,17.032204106076907,141.80832731476715,11.947788256434801,4044.4982208800266,45.81540709898126,1709.419135493087,26.84476388854658,785.4804907716373,24.17037785316784,313.10623828190216,15.31253674585961,0
110.35552119004434,18.392526022847722,116.70743404871901,0.2047430063908844,1.4537676595778333,25.163916129917048,0.19106736534364324,173.14690028465742,41.789100737188846,168.476372292598,0.17188768461913678,1.0931452269732764,34.125096338273366,0.19253611740369767,1608.5641261214414,34.394111099681425,837.5232421388539,23.540746407171287,394.9992875282511,22.102542245728312,276.21945320640594,10.602328974472432,4014.631418877009,43.96370189612427,2299.151730163266,31.42912885579971,836.8834797467676,27.405808600125845,357.55096966061797,14.57540838631985,2
115.99083050827215,12.694429129041744,100.30631492594418,0.3031661133332843,0.40169807169141175,27.013789126523022,0.18614346311011779,179.0731659339694,27.072965924500597,137.56086082493945,0.4552282366239001,0.6727490373813665,36.236013509175976,0.147468357832999,1818.0979563255748,31.141141650694525,1277.621105630088,29.50737844512668,331.7405319552944,14.137849915352472,121.46231992651988,8.818585972073027,3910.461751256619,54.64682896710587,1717.7290405640979,28.075121359593222,592.3253164313614,21.34933631782037,305.63099116983057,12.411681717901779,0
107.03647854171375,16.24378435958025,96.05427148130606,0.025839577840003514,0.5772921262763482,26.22741554240927,0.12273142018488156,143.0944959384773,21.055212206599467,133.51973207786855,0.51069632536438,0.02532064649654231,39.29989306849945,0.20261565209801047,1749.7794823926174,17.596457450077292,750.5372060996416,26.931607736410786,177.7604575417142,13.957429763419443,132.79996886130965,11.609140603169672,3563.7101167497885,48.23163216588489,2041.3651047922733,43.01735503838012,825.6469667589556,23.504177478490444,276.04611646107946,17.571240689881233,0
150.13317461424523,34.42616925404654,122.1512490500632,1.5087497169479314,1.9042262182069751,57.31907871021309,0.4780617302219077,173.34494987656663,70.63323956041299,201.34159425144802,1.595227466026941,2.8970744274725853,120.04723698051683,0.41588628965452135,4444.691969469204,64.889488888219,2825.0793212946855,56.07534180053634,1864.5294407457109,48.180318460662086,999.9262227500695,28.221085014500915,7771.786613553064,96.21808264512877,5180.387550572979,74.70454211738478,3792.936388213181,44.76227221458765,1505.5722547813398,38.410772403465785,1
177.85320586872467,70.18191934585992,135.44007699455616,1.0826387635744104,2.0075291510308126,68.40744197581199,0.4920033096923726,224.78635984830294,98.06852259470455,230.07810327210512,0.8151619994877904,3.1038895139792344,93.51948739744455,0.19871238433817873,3135.9152290070942,55.782588661775776,3012.4892914370325,56.13799565340297,1855.3100121526993,57.607547861493536,671.5638693252338,27.86283322908138,8773.991970532434,81.74708390230997,5219.8287215580585,49.60070932281917,3434.4577977737626,43.183854474695664,1907.8500411946256,31.80515405649527,1
123.03084181930109,29.538344358912365,89.71524312560061,0.7407975776454041,0.548144721060822,27.53355119240075,0.12412335434355247,191.8180200887729,34.59101055879008,154.7579844260274,0.6669247912854468,0.37738655065605775,32.288311341020915,0.17370632775036193,1482.399870428139,36.239671718118515,1141.6129463401235,20.014085741039096,450.64186540314404,14.87371643372352,203.44405433156535,9.119330069335735,3649.8813149062603,56.50825899700894,1977.4355890907646,46.94591907563294,898.6129153528265,19.025256622457835,493.4744474855673,16.781640541681867,2
161.30632144343267,46.57879664479861,148.7871981490722,0.8952033904692038,2.8634619552616924,98.1596131608986,0.3714541278420026,133.2609778217407,75.13468720159318,231.9562540286791,1.6765383935126223,2.6991308789400237,122.19070383100646,0.4387562751398738,4808.862593725568,79.03308411976383,3408.6801810947836,58.587960839062546,2071.5778204481862,39.542983415313714,791.7370539193789,36.53383820209487,8694.58420869042,109.48785018552282,5286.618010087973,63.7887808871205,2804.942301662081,64.35994017767715,1538.810018569856,21.731161041617245,1
112.82902809039214,20.491976956261926,90.07740163966974,0.08065338628365676,0.23216129273919028,17.79393856343762,0.15725380753890744,175.31727071338207,28.28506756825673,158.6405109826681,0.2556532497907024,0.4776580730360881,41.271883995435275,0.20863343111983446,1730.5937577986601,32.38914312508754,1307.8098958245848,23.022569111275192,358.9995487394648,15.176584115104871,193.05579273118065,10.167429562480791,3977.928440239547,34.54766818695581,1730.2766193513635,32.61438743532812,870.6846279570384,20.608767190616,385.36995387211437,14.901349022866878,2
121.99025762612374,18.46346836500538,109.39013525828078,0.3008479336845374,0.713791588787499,25.166516636867964,0.20707196110493406,176.87651715640087,33.285655111015565,153.77611275714662,0.578886629949783,0.9809579463890037,31.729025815598483,0.16826254330300344,1929.9149075490795,33.78403829646,809.0224276214392,22.771044720981443,411.7281078678669,8.439575618508545,179.33786447261457,10.153900767733374,3928.2872170131377,59.71004561627996,1660.6554679100593,28.157491030049556,547.6901546218479,20.983966668833784,368.5354463322979,13.017075318096955,2
158.82125131733756,72.23173749762131,126.64115294048193,1.3940792925910828,1.9322679911957472,70.48231017557757,0.48960456718422785,227.80308400563345,53.07853830142575,208.61986894340876,2.0164318716545044,2.3227230640015177,121.9039657345923,0.3447907567078443,3457.230420238863,69.69402822599169,2097.4093117014745,52.60228987106408,2186.052678793651,26.721896754029753,669.6905767354983,22.839838774192113,8443.012126260137,88.41709785836824,6179.395467187262,85.36087660728376,3022.872825730869,51.456303143438845,1498.3074442462068,26.82810586811975,1
94.47767066198894,17.62294978298977,82.4227160864337,0.10659095092180187,1.1387741336084893,15.562887093629845,0.13709643264636082,188.06444350978364,45.43040301544244,130.42650056761988,0.42635020864239387,0.7024666652821528,47.10088351083915,0.15039428764715287,1750.944430811578,33.88668788030872,965.2149111699928,20.495375715079604,389.2941628387167,10.875312574890055,170.4730502410134,9.46722501998209,3881.2594613691895,40.55738224944787,2017.8846306362848,38.076294906918974,868.6515193202159,23.407025633596813,383.7208743304507,14.000253179274242,0
77.27875876040827,18.21741434156153,95.28223966361664,0.49187715434332235,0.710586087866381,22.69120716029341,0.19280399256127562,159.12580473407124,31.1803882336088,137.42990105695176,0.4640777172337083,0.6590328289970872,40.74369932792193,0.16818776483326284,1904.2334511464226,28.670806040423106,882.3686749007804,25.31807616809629,240.55517031566754,11.110583015775717,120.71258410228717,5.3327677603033905,3562.607445945688,50.99547119782192,1828.7789834043563,33.186740491651115,980.7060996052951,27.310744529070767,375.1603445691702,18.06075766870819,0
119.82934537980714,22.353798870226843,108.99589387172284,0.40406928545728044,0.32423872635167394,12.661354648241772,0.1897081783015406,166.43384630431333,33.08000056264379,133.33052906066726,0.6669036716493133,1.3079998812248563,37.35406600698992,0.18696504446618414,1957.9805183388542,42.67785363590686,776.098119319518,23.994110506933183,349.63014683780733,13.944884421211516,186.81802645319468,13.46411113154983,4683.381381265164,51.19365087271502,1891.4364511685415,50.05207651981422,836.0628084645033,20.587001976817156,262.32938556743807,19.307102178507655,2
106.52721656917274,16.120010968035768,103.04246688679744,0.5867108874059612,0.44995119185063337,20.36801413463462,0.17193855710169725,137.5672673468825,32.02040857514027,125.91901120155899,0.4272932800395866,0.8805971189141453,39.08347177858192,0.20848057890855087,1875.689952001862,37.93360399542034,1097.5753674670157,25.06302041868977,501.6240284035918,18.226397729531804,169.66360541273684,7.543422394279066,4151.83941844941,52.05558523131657,2294.8797975631055,27.420279584701063,772.8511001754144,25.12356117175419,393.52014185831234,8.476986685115278,2
112.98462130767344,17.606058061962305,95.76701687955847,0.3840563578187202,0.006200330187408953,14.764437637884564,0.13031901162936793,137.04955710317333,30.39864536034062,134.4178141695991,0.4243674891921221,0.9897684893358196,32.50615220257002,0.20212546705401258,1613.2764639980246,28.97281221066185,757.4966917634129,20.64386769639775,467.22465099659166,9.818038730422954,197.3769457418343,10.475471204664556,3592.047515506122,33.43153716489236,1918.0323769284673,28.823043745617184,877.9211453625645,22.087408582093772,492.1245223924641,13.281933117580927,0
86.26849976406669,16.81070654920946,100.99477473015739,0.3827798696357903,0.7372418365070241,23.72322613118026,0.19004978054323993,142.60929891984634,33.386892450463286,172.43405421435986,0.3059700960697175,0.33369130328563207,44.35049035424163,0.1742596803991482,2080.7642784133113,27.78732144053908,1118.2568364406068,22.52594326722181,420.65830586581563,19.694154065009712,165.52918090223315,8.117755808150083,3643.002527190076,48.61867160514511,1508.5602319548714,35.82482541590673,785.3474418858708,26.591250642934256,212.401778656967,11.640302674687494,0
125.62554003659831,8.721557092995127,79.98454255561322,0.29136583378877723,0.5043583645812707,25.45052212382006,0.18419261594082426,148.08357356814975,34.114262159450575,163.45293104729097,0.5368115662543131,0.8887972717460524,36.9085168440249,0.16315550919651348,1939.5633678000008,30.553065612893388,900.2009770131731,27.891814288758297,203.93022971679306,10.74694748952129,132.51718294502518,9.273478704862388,3710.8871405818895,32.94139481781562,1653.7104919222934,26.834949928858578,1144.890891049107,29.206967790988585,351.17754076207456,12.909250129079602,0
134.56922710427233,43.672557703335976,158.42085027573654,1.4533686164109396,2.5234953629752113,83.70817131713676,0.5768854473767107,150.17708636314455,71.70922154421206,176.51474747476428,0.9745901888086534,1.6379334019170297,93.40763259078196,0.30267170277684763,4367.521183768707,68.62037985714338,2992.411465905462,60.07728451638253,1980.902056028003,39.012728505408944,1281.80581247406,29.17215558241049,6823.763722637685,76.95723657620809,3981.647907680529,72.2426848081183,2745.187649176,45.315743021005424,1902.7315281001286,35.29389724446146,1
124.87134088118563,22.686717098282642,105.85642396694034,0.3384651282212303,0.8636425904752651,22.991331770902818,0.1514970887156909,128.7682761858059,26.487324340288495,167.85161968334805,1.02583851169948,0.650331414242527,30.856762533573658,0.14989614812662094,2011.4300771872317,21.794611711886525,1035.8069417318065,26.697931067556816,458.39259188449205,15.02511648260276,213.85738875605983,10.87606441648226,3690.422320883672,63.53362843690023,1898.288170607108,38.7199651829694,573.2429146841657,28.71647188423609,512.0948083384028,14.798451497517908,2
120.6720209004819,18.877530005455426,95.89072769166263,0.6212577420119778,0.628626931538484,29.67877995997996,0.1754970331166572,132.959557429031,19.79104480452601,172.76391898346876,0.8447331441566595,0.5461442360152198,32.317688752048085,0.22384332876726606,1578.5908635913024,25.526364905220866,996.4990192033566,20.421579508561642,399.5902506623943,14.509671304426462,193.50298195195734,12.814963722627434,3831.704717415611,50.15151034621486,1387.4569747422443,31.707689588419292,748.8123675648554,17.12474775830549,318.52933431498747,12.997629677897564,0
109.51152029700246,8.95945893865851,107.37058766231932,0.21576869122641398,0.68527735653287,16.04981813749234,0.17949021577152105,157.14336608804717,31.400472440672182,157.45750508124723,0.46886388149528,0.12303013636539928,25.375498681350056,0.16973173100995678,1888.1784255354908,28.154636290404856,1048.1599685456117,21.871427955468594,335.0788802194031,14.8322822331399,198.9378327979283,11.214746381414086,4713.175965817355,41.36359780796991,1974.79336806264,36.41241804900822,889.4081693854923,20.897280157649927,279.7071974214932,13.01424595512505,2
126.73709959873014,21.925845614518245,126.6274021851315,0.07947677679721948,0.437431164256296,20.55613238831446,0.11336847167851617,183.74447865463793,27.615382731697835,167.60391488227827,1.0441498255525148,0.5134295816968892,33.50712203353991,0.19291591760089188,2107.19441765635,28.383078360794176,840.8913364731984,27.75163278906201,453.32026049774714,9.00239673208409,135.08276082335925,13.802718900419864,4144.742388985343,40.54267580687221,1948.13734426038,33.687362040491024,989.6168035569816,17.123641062621328,334.2469163223747,15.600753991049185,2
84.80556274061034,16.6604598800569,101.62753065105005,0.5172444662718556,0.7133679739378564,25.966736175999625,0.1595382478325469,146.6776677320378,33.147855287542924,145.13043512677578,0.2448627353324156,0.2600138357989558,28.56383399798872,0.19491482232161292,1828.485147214113,33.45242677033884,835.9121030495198,22.634158764306857,450.04723151738693,14.071960380839284,198.27100950229647,8.676148117866697,3672.931153702225,41.94609684801337,1601.04008860274,34.92183488471349,793.6717191756732,22.04997647491075,413.6522661234136,15.339593528089832,0
165.49025350853378,45.601841659417985,114.53539353461218,0.33759078298000744,1.9135105261473762,56.27609098577592,0.27142864113563614,225.85565647092602,76.90053312643632,162.727921240643,1.1227137971797765,3.3570436311436924,113.26461276261489,0.3895979150801208,4509.552509232426,54.06905652335914,2812.948040290812,56.4732233048647,1659.049047450382,45.483666687659344,759.5219781639987,30.54910353888059,8996.672894378164,42.491122147452806,6033.213992457082,29.33314408506144,2522.777938499744,60.25348034257755,1320.6783186868897,23.202884105182747,1
156.548051550385,55.55868967993433,148.71338593276434,1.6702026306035118,2.2346947824377272,81.98078432621267,0.21589914743479258,265.6658304270608,91.75111873406212,227.33530067235546,0.7900621275792391,1.8353840947157314,103.21064247118503,0.398636968853003,4341.534294004995,81.0141819311596,2093.91187387886,64.7381907171731,1802.4845729873782,40.36974511100362,635.1992578107197,30.515243341884325,6327.302934072066,106.67109220229683,4155.525915168906,72.74841077664463,2746.3740232024356,61.695381472938834,1355.3362077465274,27.835168633126006,1
115.20142776155532,10.7493391740486,94.60217792939287,0.7173699020292237,1.1272100758763481,16.413889973404213,0.1676300792653811,163.59392595695837,41.15609772203835,147.2676623608974,0.4200855149326788,1.1410794342927444,33.86412352406941,0.2128326563958931,1565.0285476752658,30.558219907492205,671.1665216761432,18.4560913637949,493.84971925339914,15.585312209413848,174.95934741566913,8.852750827241982,3905.047411802106,49.8997958704861,2265.3019567769843,16.274031884961104,782.7075249973091,23.800023465631625,391.387540070904,16.031141600338195,2
133.67410168837986,47.504759101417854,158.8526411197471,1.3321159782466367,1.9517863382189242,72.48079161604585,0.23249653568692183,208.49032436256823,120.95525520048574,198.9703951920802,1.4339565845846676,2.9385027037137568,119.70331535291561,0.24020266456881126,3358.8367591044866,70.52349549303376,2514.049375240996,68.12025262219915,1705.4476830344329,26.52375411429506,671.7574949680806,14.251619901847123,8289.287016445378,91.6090857092411,4902.876103152672,87.10430654641634,3339.3339264325123,48.29611576643889,866.326583130786,35.70368948295355,1
89.37669768405489,21.998437518541937,126.34953633100056,0.5786695820159543,1.0073937252906107,18.44643825102468,0.18629870130693063,144.07543349748607,27.89674739916314,168.14148937631634,0.5474005348827258,0.16382846254159683,26.624275887359296,0.14342159026080448,1998.11956978671,42.851419946111676,1169.805610260035,14.757665123757318,545.054682550141,18.840121376148335,121.00680239673466,9.832956443236906,4411.776128425887,52.093814896226114,1634.998860593304,37.630898228254885,610.3499213173625,22.11958242666827,486.6226712438038,14.760700911385356,2
119.71240691892815,6.531780184869026,96.82561445162318,0.36706979449120974,0.025629571818091335,22.47091529116156,0.2074627331723152,135.44177852736937,30.018405632139235,134.26264784055343,0.3656175952640646,1.0432180902510104,31.202095259217224,0.19386637467031873,1425.7563767878025,39.3115878069744,990.3978669459748,21.270000629398954,446.0437207999916,10.770541713156568,227.3012296701063,9.35203044900714,3728.575669733048,41.066755080276124,1754.8371493136037,36.16802366977045,880.7088220125067,24.60699256561216,379.38437173601,15.539599433231544,0
124.26204776946159,21.57103511299043,105.81022254491414,0.2558371542174491,0.17160069137130868,20.29017601418969,0.19202787430435875,169.41514939122138,15.540646894214193,142.43632903358622,0.7899916613533544,0.6561409657753661,25.839031369107005,0.266742098992739,1883.6328188907519,33.61383677622374,1010.9215847474472,21.482579948895182,355.9735159997173,22.751527450717603,233.14105826318104,12.308261842439089,4211.871338811511,38.420806964817174,2346.3208027285755,28.035324457122456,929.8938573558852,15.886684415955898,241.853868500141,15.75036096875528,2
159.9454410228691,55.68892085725789,114.88810316307706,1.3658465140106812,2.5050631436706166,66.31944344496503,0.3953709449025961,200.94529344099945,111.60902084288907,167.9792344886197,1.1063396186181105,2.5087884108220204,119.33698860941963,0.2802101463924371,3544.8516251172805,43.547257907183386,2813.078090101308,43.81694182793456,1684.634966994625,47.29102551913366,784.5223102590876,29.156410113716824,8230.59588302345,107.09805767173586,5532.589647143606,62.31292825355546,2724.1067109697965,60.43743397720495,1498.3442175635244,23.61822765349321,1
129.10406564268365,18.30532412905737,113.21060041596256,0.254553681058457,0.4706013540786777,18.33231202042155,0.219287949931192,168.91590507952338,31.822553276093863,177.81003842723214,0.7793950853177851,0.8825630369249742,25.802699427811536,0.16604258905594943,1669.1446100775024,35.501435314941894,973.1575703887585,16.981745292025384,403.390509255012,10.819429292128032,186.66111452493055,6.858180491228193,4193.598584953076,50.57607110909985,2519.6858356703924,39.19596371068246,836.6753182314296,26.69950841040774,291.37988116722124,11.523840407852418,2
122.9867747153128,52.13876378823637,132.9339969179654,1.8371648356491233,1.851711887928226,28.41125542141077,0.4153111253363728,185.5342351413626,85.76735843987944,192.3988589747363,1.2631480020911159,3.1322724654277634,66.27697267624043,0.3586388620036512,4542.018956558691,60.63098269586758,2156.4773162920114,61.68555343256736,2136.9283891324617,41.64003833885595,547.0477922754842,31.52984873349408,7006.10090672228,100.55838698326698,4578.775322680488,55.76224999926249,2601.1404923141395,48.1670244357274,1238.9479374033879,35.5322196692909,1
135.9723109807121,55.86421170300463,111.68385867961136,1.8824367032510558,2.8836504765620417,69.45373806104169,0.2857238215854304,217.3733407203617,64.81424117168942,238.8706579042008,1.8045973659265861,2.576351230790189,46.39973540855891,0.32132672170727755,4543.880565799936,82.55460430067787,3243.6679245968526,39.079869977585446,1890.4656920438713,50.12412173186344,601.4995981951959,27.960477423133817,8746.458158477612,89.58623747275877,3903.486701219159,67.4402264589678,2652.712556385239,48.519275954522456,1259.1321436437327,29.341927080551194,1
121.60779995042346,39.37678515803795,166.09352915930583,1.0150641177914852,2.0820526577566283,58.9582558834064,0.3138903985117836,201.76972736849476,129.24838490325808,236.76212762922765,0.9735310911038637,3.0180592824493484,81.70649900133972,0.2578905888923023,4709.755458832315,81.9211141597226,3218.42090041916,50.30134750780427,1749.9672797994042,47.99812442926498,970.4692867226593,26.03181264351478,7042.835361893652,97.04975349455623,5955.306747465279,55.2337639535218,3087.4417217541895,53.31541695133693,1587.5370658080833,37.23185299831404,1
98.405368546439,13.508926270916021,88.15871668101728,0.41730110838429235,0.5981029606367945,18.037370847710427,0.17079756023978296,165.26966665049275,31.709144287991805,171.27820180183733,0.7553961664396087,0.2996125701730368,46.78510346676616,0.16407070486332856,2008.9745624908855,30.339933130255446,838.1775932314549,14.769212560900268,386.2748391826921,10.321850294083173,218.69196943371088,13.033585314278497,3521.0811537461586,47.41576594015417,1718.6521194980062,28.22909161917926,942.9393644638445,21.84584695262635,501.77536293517085,12.553302563891236,0
137.22733637866364,72.72872397969603,144.11849677542457,0.6752787336891154,2.569859608129589,53.38022215606905,0.33961025400357264,220.98366570374927,76.14854644485757,221.78567448968866,1.0127449692433022,2.0048427579269092,85.55984034194161,0.3547489001315969,4749.595777773907,75.54555552332364,3483.9775816048286,77.67644203899255,1490.784890420298,42.56335301861831,688.2839430041821,24.111970361258663,7932.925740769898,75.97121226551107,4463.67890897111,69.98001870071643,2252.4767117261167,58.42126959137633,1170.5616156456215,48.85741382057835,1
162.14420707113226,41.655468947689585,150.03678589024017,1.6744570008475324,2.247605221461661,62.35680411557036,0.4080216935816771,109.84685704647644,90.4406479327383,191.59938006480579,1.3746859434715044,3.065226010318262,98.355083725576,0.30878345146790737,4129.298664587311,68.81066580896989,2845.973564632405,56.61919367285068,2111.810713475566,33.311723575726816,931.626082109673,34.4496484930912,6938.849652756524,98.23364025404096,4790.23504861887,66.81005461737654,2392.83662355351,48.30449284299556,1860.313903606726,24.413417832936716,1
97.02448799924242,19.442366710627365,86.09314570024743,0.6877410964718462,0.4567917019835971,23.450201982417674,0.23977339375645057,182.29592181060926,26.160606272277654,139.10169722694462,0.43489099769609363,0.7529694745429607,34.2634310602439,0.16814267564989585,2093.4362501418086,29.428950541110815,1244.9383639555979,22.36297025500869,542.8254715379782,16.07195826813188,218.51842292997793,8.55077789696455,3501.184272094406,48.6776476401199,2147.138310616329,32.241539012002775,695.6327997899564,16.558966534842693,280.1004518469631,8.697133661181857,0
156.77280303474805,53.94512215156942,117.55082560070483,0.8172653148481412,3.1129410872217713,62.65367781285052,0.49482478657288176,192.02273087497815,90.24169362036687,266.7803016905473,0.8713066276683603,0.9817484000801786,128.30498288831913,0.3338552715685541,4189.646817946883,60.968981474580985,2907.2651123821265,45.49463792814258,1746.0179736350083,45.59852261245227,718.5044004706328,24.499579851770555,8187.355449761321,69.28132218392699,4904.207312040878,73.66315155864062,2620.202976285207,47.28623507068276,1395.0245822733536,28.065539225406116,1
110.79392008151738,18.629331009739598,112.74562955803763,0.19446057722228136,0.8606024259184926,25.66480824693729,0.13504147257011279,186.6736039445139,44.14501433326503,171.93026049756523,0.8389366487898233,0.658172555928854,23.95641211801347,0.1281440251114717,1946.1180496509069,28.24411655748511,794.094914075987,22.82391459053783,474.17150533179336,10.955900095684914,169.24938470766307,13.821715502864693,3576.0139736147707,54.90389844705162,1861.6990405740266,37.20223881500969,1037.3472309507786,26.361639774734098,469.0052893704685,10.899741339753746,2
110.85988324075738,21.964212319620188,115.28619637125063,0.6204701611419425,0.4917432877378244,30.72846001449861,0.18603920249716663,175.27104861280282,31.26178007951021,159.4756106734889,0.3631345621449297,0.8614457766537926,58.65876684078883,0.17663176253192725,1905.6188373934885,29.045871046090056,864.4767162422808,29.89557770372216,360.7785504399831,14.185534437891008,119.15031575582275,8.833254206007055,3332.2660412129608,52.80988135306497,2764.91673600526,31.179919961906556,672.4879528452886,27.059998523490826,343.0267781623779,18.987844870826684,2
124.33124394014274,28.197311810428012,95.94730734550669,0.012632391875962934,0.40685480714121686,20.568885250796654,0.1643022847693323,134.95901524540673,31.477366854858865,155.86761062929128,0.2011188760361387,0.8097590195084663,49.36879487362124,0.1851588099731118,1732.5349675862988,29.289983927962393,992.2885150452842,15.077313577971127,413.1512562381842,13.82860815161157,253.9130005182418,9.651654532390085,4383.760663891831,36.17007441774394,2046.8147917006982,33.916401582747376,745.7143302562262,22.709584458547763,464.876318578212,13.028624887140198,0
133.38079622937033,27.691163155338973,146.53783294910951,1.1547326361084411,1.391121304028287,66.8989506541654,0.3391423750235673,191.5050854109566,95.91324080995675,154.84852766028467,1.9236576430368793,1.381851069505277,85.4205690161842,0.5538356955253262,4763.677380821211,69.17124790994528,2423.7879137995133,49.70727693300107,1821.982594375709,42.30018585871679,883.6432326673266,27.845837429579078,8307.062401265397,69.04438275847977,4838.442480487417,84.80473675581585,2184.249566101997,48.10444488460721,1195.061517807289,32.66810257638867,1
100.80068174208772,19.34062881482434,88.54773724037096,0.44562305131131286,0.2170355682725194,20.666398814324943,0.2129871339704471,172.09578945388586,33.15150286219381,126.17512016653427,0.9291169373623829,0.2366791673891812,48.51991827006276,0.22271094757738905,2017.0132031926296,26.797583705003902,970.0123243952213,21.02794579316262,422.5554822924657,14.925421545017652,99.30113771081403,12.967925132166094,3958.773744728496,42.983756484380315,1840.9100109718138,35.96583320402067,774.5241633451296,13.17722754271421,430.34899484703726,16.413039893257512,2
110.48148710208437,14.383846801893151,99.60847816936683,0.15337986160411915,0.10302571063363236,25.309619056258608,0.14143512659109728,169.07716933312255,20.807969835340757,160.29031983192647,0.4174898348281483,1.0941831261047126,39.2426354959588,0.22978083546880668,1723.7577223864575,31.80878837134292,783.1206189108141,21.280136931924563,396.93482839847263,13.35466787173244,135.51787421078942,7.390261887964163,3089.1969754526517,37.95415112116957,2167.5608215847574,23.049909688712333,711.9077842945637,30.979953713424827,349.98980416168445,15.75945183024396,2
122.84877947623035,16.91330246525083,88.47751158723233,0.35191256058593146,0.5306093891721723,22.394943581700048,0.20401041436270106,148.49713234993797,30.112206830817545,133.17059275848092,0.5900634556087626,0.600932565055691,29.75130663200838,0.17292511913475442,1763.1648506969557,28.64922435331452,1165.7011863401526,21.606215990768483,380.48831118581296,8.707647127169576,144.2317059208209,9.473853151087294,3559.951563338175,56.05366074702238,1858.7655561509453,39.73066549590951,857.4045560860442,22.148911345686308,373.78424866012494,14.011388754864377,0
99.5698896730272,10.147662686292,110.94670453241783,0.8864177696311737,0.9835548853314204,21.684751631038804,0.17879189512099922,180.32658388432148,36.80604493091039,149.73166063937597,0.5325190974594064,0.729202886232297,41.014847666147006,0.18460847741362818,1863.5812460848763,39.08907781364913,1144.5709159030762,25.20060652311879,571.2815981620176,14.474728984652824,260.41083173969275,11.69353397577821,5249.345057052617,36.756159044314195,1805.430055640231,36.364065666123615,944.934894993227,31.680611530370083,347.5351493859359,17.68623111168982,2
130.69977121044553,16.37433993446154,94.87757270928462,0.23724545435042446,0.6847938267726487,27.644861463604457,0.16658157627035375,139.8771834146745,23.053112705852563,157.7588918173705,0.6486508342406885,0.7629462804915584,30.34143204897914,0.1869648396920016,1823.3371618281456,31.093442983645065,1030.7143166922285,22.89438219509873,454.31308504575156,15.202737208466674,191.56477594759937,11.26257645167708,3289.9954630505167,42.44263026914159,1782.4068364268012,28.16673291053995,816.982929852798,27.97976524493758,319.39182190147295,16.904835063774442,0
137.15920408258538,56.67909174446936,120.30164806579965,0.7412671671330235,1.4418451537519983,55.47780254042815,0.29855683401454103,215.6720845672006,98.13488212810675,147.38705097605276,1.4125643556080165,2.3240513637869316,107.51319108180967,0.39896489855171297,3473.2003600341845,52.851328413714015,2811.769430233989,65.28780919745509,1135.7437886870991,44.76581263841264,1114.1319609517757,27.234870618968934,8995.182246423798,82.34475654383957,5116.4436605061865,49.30721074368588,1745.0455112115067,59.42765801225275,1153.7512680688897,29.266832929979415,1
118.72858633380653,21.815114971037637,88.25454346331134,0.36916687042211216,0.009014998941069385,36.55474822400678,0.1258691162874852,142.00276366637758,22.53203435804607,130.7051021340725,0.82257066014644,1.4294078073575536,33.08673178129285,0.14542603615413446,1397.8763902802752,30.157402048128443,892.7997051783618,20.234297044015364,439.4810223499081,17.054071371291105,203.21566334926763,9.804525281669328,3565.8755956139094,53.1093312606991,1998.441283840921,39.46315966390869,996.7899725303346,16.844246896192693,288.56489002576456,12.206715628156257,2
126.59371597966602,15.97372843040886,115.31114663611612,0.24748869543651006,1.127649084479244,16.864259360191497,0.22233980075612714,149.75157508498927,42.68742660164436,165.156792026066,0.30147636353019114,0.45766130175097275,42.76509528022281,0.22373726578131353,1874.4425698206182,31.745620545299065,1070.1282503862708,23.67991307884761,306.17157237822295,13.067185718687403,199.34527749867325,13.174061316294926,4612.153233302389,54.109858902788766,2074.004959285,38.54217164748435,804.4888877726951,22.42578377486386,335.5419344568603,10.579149384664554,2
165.56107130798367,54.36036557210615,134.44661101931047,0.9663882667111968,2.1833867505563944,69.76998041621071,0.3251019043759374,205.62344544490406,74.01822041097195,263.98992208844516,1.3551346150441907,3.7361857213572476,95.69630872223085,0.4207430113227927,3539.3179641773654,62.63512889758562,2884.2138683156986,70.86003830959866,1866.5948333028814,53.069762889543995,1015.3312398365256,36.13700669732343,8446.86200442545,138.02400879173248,4860.222657960114,61.26953432123263,2255.4762176399345,73.3102467155807,1604.8618931544743,29.99527559971815,1
103.66402434050231,22.81312351659834,115.72226996595239,0.7082087324307291,0.8135330013873079,29.047561366654307,0.20268598239543867,168.00746725250613,29.990759398441174,151.48521463489288,0.25827897552686035,0.3147472020894631,34.57848848909889,0.19696792126688017,2206.978771560938,31.270115246684682,1110.5735879948145,27.848988888301335,399.6326818033864,17.712477697521607,178.2847661641061,13.408698966972649,4234.799685232384,36.773742958742474,2039.4192793423078,44.47754026803761,868.5775034398355,25.069946132418302,441.0326705059142,11.27914443275682,2
111.63930800221806,64.8846511245255,124.14639037379393,1.0431095948318867,0.800232718641884,54.81531028472027,0.37947028923581944,242.56322501680123,71.11785700777651,244.7212836069749,1.0577219879100996,1.9535265587318602,133.82186614175166,0.4169168121891134,3923.9876354942116,66.13840242583288,3341.2294310168236,69.66202819625681,1554.9620462189232,41.66052951936713,916.2282289801632,23.068799447417014,8449.883452615006,95.09581148813061,5998.1466352557145,88.9039503963568,2651.855770738446,47.86046856139188,1566.0730755139089,28.48886930643793,1
146.85358892058008,45.77973208542505,136.54788265345724,0.8823825833204586,1.3302391579089612,68.51447540565347,0.3905645068764547,230.27486899623267,124.34554779551726,203.3186859363254,1.6425408835320647,1.6379509369061398,71.68803630819976,0.5266263557418667,3738.260110033348,55.4726711423763,2784.360431513379,54.09807586622612,1529.2480480670124,39.5602142502952,1121.2876291770187,23.970031955841012,7245.694764070446,111.96668517619626,5544.6078383566255,63.31273931091874,2088.024842742887,42.55376643561437,1386.323890787682,38.994032539302914,1
119.8447218007928,24.138642987018844,97.81924076769626,0.3920042720232368,0.46842155560902826,16.0008940469641,0.169801525044778,189.21031326596113,30.966431485039394,133.1899880905577,0.18271532943371427,1.1793760993869296,36.0545436210355,0.16763546321184664,1829.7218117226594,23.374807351254674,1179.8106996694173,21.37056707462147,540.3313344409811,15.92045065767614,251.89940688101134,11.064727897894787,4318.494575204594,53.578018805577365,2166.405043219292,35.896367549405895,861.7637054727428,31.527912642920587,329.1658521476156,14.714215219732427,2
114.18271793598308,15.599036090934618,124.64182823483436,0.6151017923358248,0.30114453998242247,25.919272463871756,0.18700395880212634,152.52082971290017,34.40388383370595,161.82353895322277,0.5724537170549095,0.6161664952900315,40.06911959301731,0.19656979282925116,1903.000533265504,27.9744124620684,1224.4714297258113,18.478152249266394,457.6319872614176,14.69320555040527,266.4200798557692,8.51233841810755,3706.9236442222723,38.71560104329593,2083.952889011418,24.537865646846967,829.3342386919749,13.629590379441147,417.512444267863,13.049290966104333,2
111.18492483480973,15.689844450577398,112.74447216941239,0.27448249271261604,0.3090154150693293,24.705658054022656,0.19288779447010812,163.06578855085166,17.88641609569115,156.07051659892377,0.2931383896651202,0.6705828334764791,25.03385895220658,0.1933896644262919,1638.6802191385254,23.58682674869739,1007.07302047236,22.966578086707006,350.8818558885682,19.353536547063193,162.3739031372103,10.06421534794187,3894.11970668751,40.04267252697109,2017.7840733499822,28.79928591701165,800.6034013340549,27.450570559213364,307.1589763241297,6.761659007211529,0
146.96003828198766,83.05414143006598,128.19529274883342,1.3296356889280188,1.5408359785749126,59.7271289728506,0.39742537372776604,239.62064218077055,90.74370701242434,232.77344548004208,1.352517344703664,2.2342651761287957,159.48767236014652,0.4315390119553625,3840.259227010726,59.66883485302317,2422.9280341874637,64.36569355856788,1690.6868121320274,43.018899805251884,888.5684386011117,31.657462039704672,7737.930316404382,75.63969884942571,5357.008115027116,80.41342998579856,2949.6395408939384,41.90546270902672,1569.3712105228485,27.536834437426194,1
97.2208719601131,12.308624988279398,97.1674041719874,0.5442818018800407,0.7527301670078805,15.576317474399756,0.14612372087354894,148.42993341837138,27.041786602239018,132.92616129093125,0.2121486114491708,0.3587943521855072,37.41415453893254,0.1500403867881348,1864.5232278062115,37.32204048877998,730.2063433267708,22.19163866299363,510.17859257006796,14.369714311799429,163.75853360222956,13.059690791474242,3872.1121995959543,56.969556221809,2112.9654825599796,31.33722529079508,955.819150038874,24.509977860922568,477.6079772171905,12.89045972504544,2
106.1055199012093,14.650407104690151,94.05599647801264,0.10389269748699675,0.2335598438799043,20.209916559627853,0.19410755058135806,185.97385696098772,19.706910907737758,153.89241202389877,0.2918912121684931,0.7424091265389605,34.082393445185915,0.12507282522457408,1985.6593983136968,26.974996435956346,819.9149642439668,17.72099035484124,347.65733786499555,16.28367132208475,172.43022636254378,10.657324004564963,3926.672648875095,55.56529324422534,1814.3034622839052,23.13885309892561,978.066689988638,20.67404731161098,458.0214711204164,15.15013133954741,0
131.11069516149294,35.59648719802065,125.39664853770817,1.555650927010803,1.7205972675318204,54.58935014213537,0.2525054760652753,271.34266440928286,99.86284554565557,218.09687943824292,1.8838626933897369,2.9613666892347212,94.62476518605035,0.3868988716702239,3986.2178177039377,99.61688905298,3022.364812519777,50.361995586485655,1939.649032249884,33.91304865714946,1170.8112093460609,24.6946545209643,8950.97688936022,114.18759733537642,5469.337980943495,73.32257988547494,2804.860938185207,49.43558903112893,1255.8253777681243,29.303099421381773,1
125.80555122420198,19.776647381496655,132.18989983661015,0.4575118009243229,0.42927829460070693,23.122730854601766,0.18696423528863684,171.36802835198705,43.10629475066956,141.45221232787011,0.7139901327991018,0.6985576972126609,24.652547382206244,0.2144330598091272,2168.877183376859,26.785529779224134,943.5259117978248,15.508441247166104,309.22503154777837,19.208497606136934,168.47767373567288,8.060633455136314,4078.3422403164955,42.65277060340699,1865.5240441117276,38.47955176945436,739.1511966206663,19.11639306419994,410.8641593954629,17.899052309469077,2
